,num_simulation,value
0,10000.0,6.563552247580282
1,20000.0,6.660087962982876
2,40000.0,6.591611466353852
3,80000.0,6.645684937530698
4,160000.0,6.675132832952713
5,320000.0,6.648333059600804
6,640000.0,6.658234331417438
7,1280000.0,6.664476421208829
