,num_simulation,value
0,10000.0,6.621117
1,20000.0,6.686133
2,40000.0,6.614533
3,80000.0,6.679772
4,160000.0,6.661561
5,320000.0,6.647943
6,640000.0,6.651408
7,1280000.0,6.658237
8,2560000.0,6.655136
